code,value
0114,39891
0115,41958
0117,41874
0120,55962
0123,40976
0125,47625
0126,49992
0127,36885
0128,33886
0136,42175
0138,49419
0139,37260
0140,36371
0160,59144
0162,77104
0163,54836
0180,58022
0181,34647
0182,64571
0183,67869
0184,71877
0186,81975
0187,57478
0188,31931
0191,38313
0192,35077
0305,32199
0319,16678
0330,36489
0331,17018
0360,17249
0380,36813
0381,29179
0382,22152
0428,13855
0461,29795
0480,27934
0481,22794
0482,16203
0483,19838
0484,25191
0486,31138
0488,38466
0509,11807
0512,11885
0513,18961
0560,15753
0561,16669
0562,16554
0563,15086
0580,32917
0581,29162
0582,25029
0583,20815
0584,22556
0586,22273
0604,14674
0617,12502
0642,15923
0643,25229
0662,11815
0665,17561
0680,29112
0682,15478
0683,19148
0684,9928
0685,13643
0686,15396
0687,16840
0760,9952
0761,10427
0763,10139
0764,14023
0765,17340
0767,9391
0780,23637
0781,15105
0821,6549
0834,11442
0840,26562
0860,7385
0861,13374
0862,8365
0880,25102
0881,10943
0882,17847
0883,17889
0884,12827
0885,27807
0980,32464
1060,9855
1080,22908
1081,14708
1082,17057
1083,18445
1214,17944
1230,33835
1231,33771
1233,49418
1256,10385
1257,13867
1260,16523
1261,33643
1262,48079
1263,31709
1264,24893
1265,19725
1266,19667
1267,21510
1270,17908
1272,13739
1273,11315
1275,10756
1276,15028
1277,17087
1278,37341
1280,43728
1281,40303
1282,31890
1283,33899
1284,34540
1285,23039
1286,29679
1287,29744
1290,21429
1291,28628
1292,31037
1293,14229
1315,10072
1380,30024
1381,21068
1382,26108
1383,35431
1384,43273
1401,42055
1402,46691
1407,44080
1415,34566
1419,34928
1421,30189
1427,40961
1430,16809
1435,27133
1438,12104
1439,10833
1440,30721
1441,35365
1442,23465
1443,27547
1444,14811
1445,11569
1446,16580
1447,8951
1452,11757
1460,9786
1461,12028
1462,21923
1463,21172
1465,12251
1466,13474
1470,11923
1471,15388
1472,15781
1473,9751
1480,48259
1481,44698
1482,40086
1484,26561
1485,27039
1486,33878
1487,18842
1488,23821
1489,31870
1490,24667
1491,17301
1492,10665
1493,19177
1494,22567
1495,15571
1496,24603
1497,19174
1498,14454
1499,14814
1715,17112
1730,11386
1737,11293
1760,10311
1761,31427
1762,7303
1763,13625
1764,11186
1765,12145
1766,15573
1780,25950
1781,16782
1782,6554
1783,7775
1784,16335
1785,11337
1814,19915
1860,11128
1861,15632
1862,8333
1863,7769
1864,6678
1880,28401
1881,21251
1882,14858
1883,15646
1884,15098
1885,11653
1904,9195
1907,14732
1960,17688
1961,19366
1962,11584
1980,29938
1981,19063
1982,12348
1983,19491
1984,17559
2021,10813
2023,18467
2026,15046
2029,24595
2031,18132
2034,16712
2039,19602
2061,13367
2062,18696
2080,25852
2081,21283
2082,16674
2083,12863
2084,14564
2085,13211
2101,10253
2104,10771
2121,10450
2132,9715
2161,15281
2180,26310
2181,16384
2182,15216
2183,14267
2184,17370
2260,6372
2262,15415
2280,13019
2281,20914
2282,5536
2283,6163
2284,14131
2303,5294
2305,8558
2309,20509
2313,5345
2321,31170
2326,13787
2361,18885
2380,27000
2401,10715
2403,5871
2404,8953
2409,10959
2417,5775
2418,4290
2421,7773
2422,6114
2425,3775
2460,18002
2462,7601
2463,3860
2480,31196
2481,9859
2482,18129
2505,9847
2506,10938
2510,9038
2513,5855
2514,8579
2518,5237
2521,7392
2523,20479
2560,7538
2580,25946
2581,17596
2582,17068
2583,8668
2584,18383
